representation,model,r2,rmse,mae,ccc
2D,RandomForest,0.5711955242735616,0.6580162584322203,0.4923102580819812,0.6850399588427949
3D,RandomForest,-0.09704533612128285,1.0524930998037605,0.7820221176658357,0.1627697064352437
Hybrid,RandomForest,0.6685745129992626,0.5784954148564508,0.42249507071290704,0.749402526582877
2D,SVR,0.35773037734813673,0.805314762561202,0.5802216603698724,0.48242166571199063
3D,SVR,-0.09111452918173768,1.0496442691514036,0.8362200347936835,0.2522834238372115
Hybrid,SVR,0.7265557256073334,0.5254620872791864,0.362504386924272,0.7917738141719084
2D,XGBoost,0.5227339742783705,0.6942041883844876,0.5242183974811009,0.6413432876226903
3D,XGBoost,-0.020265283197695716,1.0149941147160746,0.7882766468184335,0.23413964801229165
Hybrid,XGBoost,0.6206885014795434,0.6188778988947756,0.43691918679646086,0.7137828169996528
