{
  "2D": {
    "RandomForest": [
      0.5868484971106445,
      0.6917135343659977,
      0.6357466649902634,
      0.6464958791491935,
      0.6374032037632424,
      0.5623565679548164
    ],
    "XGBoost": [
      0.4544195272478313,
      0.6454880876922742,
      0.6236174188984577,
      0.6168095343969233,
      0.6410365817774031,
      0.47499786223132756
    ],
    "SVR": [
      0.47761063652202906,
      0.6743042230286443,
      0.5628815877653865,
      0.532488872255091,
      0.6686656616136606,
      0.4445238628328658
    ]
  },
  "3D": {
    "RandomForest": [
      0.12961308350746648,
      0.16698003019709295,
      0.2890655307236758,
      0.22710231592079755,
      0.12014118906984672,
      0.2842749730169435
    ],
    "XGBoost": [
      -0.20021792506821834,
      0.1952758250278892,
      0.25230634938566654,
      0.17127418513784887,
      0.0804767041958655,
      0.2767583006639709
    ],
    "SVR": [
      -0.7056783882010469,
      0.23807214938777843,
      0.015902796297657784,
      -0.03880681416245357,
      -0.07897613644741552,
      -0.36954602883816
    ]
  },
  "Hybrid": {
    "RandomForest": [
      0.7588114960981965,
      0.7070278178394641,
      0.7449422706840927,
      0.7249431690313378,
      0.6615008995749215,
      0.6955757213124998
    ],
    "XGBoost": [
      0.7283679215944845,
      0.7195822578735419,
      0.7544848891819522,
      0.7580554717086145,
      0.7431661219313312,
      0.698873073274326
    ],
    "SVR": [
      0.6497096873897918,
      0.7697815191822802,
      0.7515602481488665,
      0.6780979659581888,
      0.75065274742614,
      0.6909773279085503
    ]
  }
}