model,comparison,n_folds,mean_r2_left,mean_r2_right,mean_difference_left_minus_right,t_statistic,p_value,significant_p_lt_0_05
RandomForest,2D vs 3D,6,0.626760724555693,0.20286285373930382,0.4238978708163892,10.682219458484358,0.00012446848159687203,True
RandomForest,2D vs Hybrid,6,0.626760724555693,0.7154668957567522,-0.0887061712010591,-3.524937989683135,0.016830282340485846,True
SVR,2D vs 3D,6,0.560079140669613,-0.15650540366060664,0.7165845443302196,6.571188861561682,0.0012244489103588568,True
SVR,2D vs Hybrid,6,0.560079140669613,0.7151299160023029,-0.15505077533269004,-6.201637834695497,0.001591499665559142,True
XGBoost,2D vs 3D,6,0.5760615020407028,0.12931223989050378,0.4467492621501991,6.9592005249623,0.0009417318104938647,True
XGBoost,2D vs Hybrid,6,0.5760615020407028,0.7337549559273752,-0.15769345388667222,-5.075317009836586,0.0038496782179935395,True
