{
  "endpoint": "ames",
  "task_type": "classification",
  "timestamp": "2026-02-28T21:21:57.406114",
  "config": {
    "cv_folds": 5,
    "cv_repeats": 3,
    "ad_method": "leverage"
  },
  "targets": {
    "accuracy": 0.8,
    "sensitivity": 0.8,
    "specificity": 0.8
  },
  "models": {
    "lightgbm_baseline": {
      "accuracy": 0.8064516129032258,
      "balanced_accuracy": 0.6759259259259259,
      "precision": 0.3333333333333333,
      "recall": 0.5,
      "f1": 0.4,
      "mcc": 0.29855619650098675,
      "n_samples": 31,
      "auc": 0.9259259259259259,
      "true_negatives": 23,
      "false_positives": 4,
      "false_negatives": 2,
      "true_positives": 2,
      "specificity": 0.8518518518518519,
      "sensitivity": 0.5,
      "cv": {
        "accuracy_mean": 0.9013333333333333,
        "accuracy_std": 0.0673773233640496,
        "balanced_accuracy_mean": 0.8750700280112044,
        "balanced_accuracy_std": 0.09135762560251105,
        "precision_mean": 0.8438095238095239,
        "precision_std": 0.15027771665247316,
        "recall_mean": 0.8174603174603174,
        "recall_std": 0.17380771181196525,
        "f1_mean": 0.8140145148968679,
        "f1_std": 0.129205181953241,
        "mcc_mean": 0.7613864965127742,
        "mcc_std": 0.1637608235040675,
        "auc_mean": 0.9446467475879241,
        "auc_std": 0.05295765359695143,
        "n_folds": 15,
        "task_type": "classification"
      },
      "meets_targets": {
        "accuracy": true,
        "sensitivity": false,
        "specificity": true,
        "all": false
      }
    },
    "randomforest_baseline": {
      "accuracy": 0.9354838709677419,
      "balanced_accuracy": 0.75,
      "precision": 1.0,
      "recall": 0.5,
      "f1": 0.6666666666666666,
      "mcc": 0.6822882392210131,
      "n_samples": 31,
      "auc": 0.8518518518518521,
      "true_negatives": 27,
      "false_positives": 0,
      "false_negatives": 2,
      "true_positives": 2,
      "specificity": 1.0,
      "sensitivity": 0.5,
      "cv": {
        "accuracy_mean": 0.8963333333333333,
        "accuracy_std": 0.06473650295478443,
        "balanced_accuracy_mean": 0.854014939309057,
        "balanced_accuracy_std": 0.09541109343289676,
        "precision_mean": 0.8618253968253968,
        "precision_std": 0.12725699848492136,
        "recall_mean": 0.7603174603174602,
        "recall_std": 0.18246375232376574,
        "f1_mean": 0.7915443815443816,
        "f1_std": 0.14273886556350557,
        "mcc_mean": 0.7377504233344359,
        "mcc_std": 0.16369086537134647,
        "auc_mean": 0.9402272019919079,
        "auc_std": 0.05096121856927931,
        "n_folds": 15,
        "task_type": "classification"
      },
      "meets_targets": {
        "accuracy": true,
        "sensitivity": false,
        "specificity": true,
        "all": false
      }
    },
    "svc_baseline": {
      "accuracy": 0.9354838709677419,
      "balanced_accuracy": 0.75,
      "precision": 1.0,
      "recall": 0.5,
      "f1": 0.6666666666666666,
      "mcc": 0.6822882392210131,
      "n_samples": 31,
      "auc": 0.8333333333333334,
      "true_negatives": 27,
      "false_positives": 0,
      "false_negatives": 2,
      "true_positives": 2,
      "specificity": 1.0,
      "sensitivity": 0.5,
      "cv": {
        "accuracy_mean": 0.8878888888888888,
        "accuracy_std": 0.05136819403117743,
        "balanced_accuracy_mean": 0.8315281668222845,
        "balanced_accuracy_std": 0.0853091400716903,
        "precision_mean": 0.8821693121693122,
        "precision_std": 0.1336374921640232,
        "recall_mean": 0.7079365079365079,
        "recall_std": 0.1795405799641615,
        "f1_mean": 0.7654861804861803,
        "f1_std": 0.11301322371243487,
        "mcc_mean": 0.715807982745273,
        "mcc_std": 0.1350083254437006,
        "auc_mean": 0.9467787114845939,
        "auc_std": 0.04214801245378391,
        "n_folds": 15,
        "task_type": "classification"
      },
      "meets_targets": {
        "accuracy": true,
        "sensitivity": false,
        "specificity": true,
        "all": false
      }
    },
    "xgboost_baseline": {
      "accuracy": 0.9354838709677419,
      "balanced_accuracy": 0.75,
      "precision": 1.0,
      "recall": 0.5,
      "f1": 0.6666666666666666,
      "mcc": 0.6822882392210131,
      "n_samples": 31,
      "auc": 0.8611111111111112,
      "true_negatives": 27,
      "false_positives": 0,
      "false_negatives": 2,
      "true_positives": 2,
      "specificity": 1.0,
      "sensitivity": 0.5,
      "cv": {
        "accuracy_mean": 0.8935555555555555,
        "accuracy_std": 0.07393156662218023,
        "balanced_accuracy_mean": 0.8549642079053845,
        "balanced_accuracy_std": 0.10070240717884706,
        "precision_mean": 0.8487301587301588,
        "precision_std": 0.14961178451919954,
        "recall_mean": 0.7698412698412697,
        "recall_std": 0.1835376446928541,
        "f1_mean": 0.7923931623931624,
        "f1_std": 0.14482572363121848,
        "mcc_mean": 0.73471492388494,
        "mcc_std": 0.18252226152546142,
        "auc_mean": 0.9464674758792405,
        "auc_std": 0.0490188420987622,
        "n_folds": 15,
        "task_type": "classification"
      },
      "meets_targets": {
        "accuracy": true,
        "sensitivity": false,
        "specificity": true,
        "all": false
      }
    },
    "xgboost_optimized": {
      "accuracy": 0.9354838709677419,
      "balanced_accuracy": 0.75,
      "precision": 1.0,
      "recall": 0.5,
      "f1": 0.6666666666666666,
      "mcc": 0.6822882392210131,
      "n_samples": 31,
      "auc": 0.8611111111111112,
      "true_negatives": 27,
      "false_positives": 0,
      "false_negatives": 2,
      "true_positives": 2,
      "specificity": 1.0,
      "sensitivity": 0.5,
      "cv": {
        "accuracy_mean": 0.8610000000000001,
        "accuracy_std": 0.07830093892819573,
        "balanced_accuracy_mean": 0.8050731403672579,
        "balanced_accuracy_std": 0.1152878545367294,
        "precision_mean": 0.8030952380952381,
        "precision_std": 0.16453156208045594,
        "recall_mean": 0.680952380952381,
        "recall_std": 0.21748928088893785,
        "f1_mean": 0.7148899248899248,
        "f1_std": 0.16862898422694603,
        "mcc_mean": 0.6443996294941867,
        "mcc_std": 0.20339393306654033,
        "auc_mean": 0.9317875298267455,
        "auc_std": 0.05296477055269769,
        "n_folds": 15,
        "task_type": "classification"
      },
      "meets_targets": {
        "accuracy": true,
        "sensitivity": false,
        "specificity": true,
        "all": false
      }
    }
  },
  "applicability_domain": {
    "method": "leverage",
    "leverages": [
      0.484869943054894,
      0.6311586405286421,
      0.6945578230386225,
      0.5980155535914968,
      0.9560936486332774,
      2.0028011212422343,
      0.8753602984085657,
      0.626782672851083,
      0.6569012337668445,
      0.9348512903390209,
      1.049119364569436,
      1.16471472544156,
      0.9088050737677784,
      0.7078590638009383,
      0.5452071850993442,
      1.1902584630505872,
      0.9863776679967153,
      1.9394339794679087,
      0.7495263390918372,
      0.9950619872799479,
      0.749307617472058,
      1.350739384863335,
      1.4109289325728245,
      0.7748198331837157,
      0.587402469392343,
      1.0894780463958686,
      1.9449602717397114,
      0.9838038073646949,
      0.681743577707409,
      0.6741585388020406,
      1.723164860432611
    ],
    "threshold": 14.179245283018869,