{
  "endpoint": "cytotox",
  "task_type": "classification",
  "timestamp": "2026-02-28T23:32:17.853510",
  "config": {
    "cv_folds": 5,
    "cv_repeats": 3,
    "ad_method": "leverage"
  },
  "targets": {
    "accuracy": 0.8,
    "sensitivity": 0.8
  },
  "models": {
    "lightgbm_baseline": {
      "accuracy": 0.7941176470588235,
      "balanced_accuracy": 0.7454212454212454,
      "precision": 0.875,
      "recall": 0.5384615384615384,
      "f1": 0.6666666666666666,
      "mcc": 0.5623307171465958,
      "n_samples": 34,
      "auc": 0.8644688644688645,
      "true_negatives": 20,
      "false_positives": 1,
      "false_negatives": 6,
      "true_positives": 7,
      "specificity": 0.9523809523809523,
      "sensitivity": 0.5384615384615384,
      "cv": {
        "accuracy_mean": 0.7950617283950616,
        "accuracy_std": 0.06467062149979652,
        "balanced_accuracy_mean": 0.7586274509803921,
        "balanced_accuracy_std": 0.0751697259816701,
        "precision_mean": 0.7821548821548823,
        "precision_std": 0.16594442701524564,
        "recall_mean": 0.6429629629629631,
        "recall_std": 0.17054097737994364,
        "f1_mean": 0.676406517459149,
        "f1_std": 0.12521737958115484,
        "mcc_mean": 0.5554016723190148,
        "mcc_std": 0.14319370363397033,
        "auc_mean": 0.8610118615347375,
        "auc_std": 0.058748695666296945,
        "n_folds": 15,
        "task_type": "classification"
      },
      "meets_targets": {
        "accuracy": false,
        "sensitivity": false,
        "all": false
      }
    },
    "randomforest_baseline": {
      "accuracy": 0.7647058823529411,
      "balanced_accuracy": 0.6923076923076923,
      "precision": 1.0,
      "recall": 0.38461538461538464,
      "f1": 0.5555555555555556,
      "mcc": 0.5277448141473458,
      "n_samples": 34,
      "auc": 0.9706959706959708,
      "true_negatives": 21,
      "false_positives": 0,
      "false_negatives": 8,
      "true_positives": 5,
      "specificity": 1.0,
      "sensitivity": 0.38461538461538464,
      "cv": {
        "accuracy_mean": 0.8049382716049382,
        "accuracy_std": 0.05652110193708443,
        "balanced_accuracy_mean": 0.7537254901960786,
        "balanced_accuracy_std": 0.07472342575782513,
        "precision_mean": 0.8235906685906685,
        "precision_std": 0.1277491857861048,
        "recall_mean": 0.5874074074074074,
        "recall_std": 0.16126386968349396,
        "f1_mean": 0.6650958209317341,
        "f1_std": 0.13077904623109923,
        "mcc_mean": 0.5624290693303149,
        "mcc_std": 0.133503736530501,
        "auc_mean": 0.8803485838779957,
        "auc_std": 0.0639822187751383,
        "n_folds": 15,
        "task_type": "classification"
      },
      "meets_targets": {
        "accuracy": false,
        "sensitivity": false,
        "all": false
      }
    },
    "svc_baseline": {
      "accuracy": 0.7647058823529411,
      "balanced_accuracy": 0.6923076923076923,
      "precision": 1.0,
      "recall": 0.38461538461538464,
      "f1": 0.5555555555555556,
      "mcc": 0.5277448141473458,
      "n_samples": 34,
      "auc": 0.9377289377289377,
      "true_negatives": 21,
      "false_positives": 0,
      "false_negatives": 8,
      "true_positives": 5,
      "specificity": 1.0,
      "sensitivity": 0.38461538461538464,
      "cv": {
        "accuracy_mean": 0.8740740740740741,
        "accuracy_std": 0.05705787658415476,
        "balanced_accuracy_mean": 0.8360130718954248,
        "balanced_accuracy_std": 0.060631170259294424,
        "precision_mean": 0.9251058201058201,
        "precision_std": 0.11615791483880131,
        "recall_mean": 0.7103703703703704,
        "recall_std": 0.09562156778136251,
        "f1_mean": 0.7977984995167656,
        "f1_std": 0.08362382489159063,
        "mcc_mean": 0.7260231490695729,
        "mcc_std": 0.12501145612256453,
        "auc_mean": 0.905190026627935,
        "auc_std": 0.032250974260406344,
        "n_folds": 15,
        "task_type": "classification"
      },
      "meets_targets": {
        "accuracy": false,
        "sensitivity": false,
        "all": false
      }
    },
    "xgboost_baseline": {
      "accuracy": 0.7941176470588235,
      "balanced_accuracy": 0.7454212454212454,
      "precision": 0.875,
      "recall": 0.5384615384615384,
      "f1": 0.6666666666666666,
      "mcc": 0.5623307171465958,
      "n_samples": 34,
      "auc": 0.9267399267399268,
      "true_negatives": 20,
      "false_positives": 1,
      "false_negatives": 6,
      "true_positives": 7,
      "specificity": 0.9523809523809523,
      "sensitivity": 0.5384615384615384,
      "cv": {
        "accuracy_mean": 0.8148148148148149,
        "accuracy_std": 0.05894980931512752,
        "balanced_accuracy_mean": 0.7729847494553377,
        "balanced_accuracy_std": 0.07517956316349776,
        "precision_mean": 0.8160509860509859,
        "precision_std": 0.1461187662589125,
        "recall_mean": 0.6370370370370371,
        "recall_std": 0.15516706338105082,
        "f1_mean": 0.6975767409977937,
        "f1_std": 0.11354928388670209,
        "mcc_mean": 0.5895694918029555,
        "mcc_std": 0.1416897634742024,
        "auc_mean": 0.8667925441781651,
        "auc_std": 0.0660860311954082,
        "n_folds": 15,
        "task_type": "classification"
      },
      "meets_targets": {
        "accuracy": false,
        "sensitivity": false,
        "all": false
      }
    },
    "xgboost_optimized": {
      "accuracy": 0.8235294117647058,
      "balanced_accuracy": 0.7838827838827839,
      "precision": 0.8888888888888888,
      "recall": 0.6153846153846154,
      "f1": 0.7272727272727273,
      "mcc": 0.6254017837577625,
      "n_samples": 34,
      "auc": 0.9157509157509158,
      "true_negatives": 20,
      "false_positives": 1,
      "false_negatives": 5,
      "true_positives": 8,
      "specificity": 0.9523809523809523,
      "sensitivity": 0.6153846153846154,
      "cv": {
        "accuracy_mean": 0.8123456790123457,
        "accuracy_std": 0.06689489967478551,
        "balanced_accuracy_mean": 0.7870588235294117,
        "balanced_accuracy_std": 0.06944177106221604,
        "precision_mean": 0.7813551263551264,
        "precision_std": 0.15152767897893155,
        "recall_mean": 0.7022222222222223,
        "recall_std": 0.14305312835049852,
        "f1_mean": 0.7197790018519591,
        "f1_std": 0.0969669611846363,
        "mcc_mean": 0.5992246589050112,
        "mcc_std": 0.13564228397460923,
        "auc_mean": 0.8672234325829098,
        "auc_std": 0.055885289764760135,
        "n_folds": 15,
        "task_type": "classification"
      },
      "meets_targets": {
        "accuracy": true,
        "sensitivity": false,
        "all": false
      }
    }
  },
  "applicability_domain": {
    "method": "leverage",
    "leverages": [
      1.3758656183620093,
      0.7597477957948492,
      1.5697823403543407,
      2.188389499434428,
      1.1561312692480927,
      0.9445910914274234,
      0.9946932977890417,
      1.5304410042787633,
      1.3331018296993273,
      1.0847296534023476,
      1.1443588982398003,
      1.6314185917001094,
      0.9860545238577699,
      1.0325497601011135,
      1.3143331727167653,
      1.5424248831595169,
      1.0073591457751117,
      1.4666786800717726,
      0.9194031998725908,
      1.5899521559245646,
      0.9819353744250106,
      1.79024066049652,
      1.1027929165297738,
      0.845694403464113,
      0.9616568364497146,
      1.1181523152025927,
      0.7658498593995615,
      1.1182118078323797,
      0.90743552128467,
      1.6261427165455253,
      2.0976376501129255,
      1.003723071125066,
      0.9521882129285565,
      1.2019907819003406
    ],