{
  "endpoint": "nephrotox",
  "task_type": "classification",
  "timestamp": "2026-02-28T20:56:57.910005",
  "config": {
    "cv_folds": 5,
    "cv_repeats": 3,
    "ad_method": "leverage"
  },
  "targets": {
    "r2": 0.7
  },
  "models": {
    "lightgbm_baseline": {
      "accuracy": 0.7419354838709677,
      "balanced_accuracy": 0.6568181818181817,
      "precision": 0.8,
      "recall": 0.36363636363636365,
      "f1": 0.5,
      "mcc": 0.408005553232467,
      "n_samples": 31,
      "auc": 0.7818181818181817,
      "true_negatives": 19,
      "false_positives": 1,
      "false_negatives": 7,
      "true_positives": 4,
      "specificity": 0.95,
      "sensitivity": 0.36363636363636365,
      "cv": {
        "accuracy_mean": 0.775,
        "accuracy_std": 0.06596856715021067,
        "balanced_accuracy_mean": 0.73125,
        "balanced_accuracy_std": 0.09256191621467942,
        "precision_mean": 0.6954930254930255,
        "precision_std": 0.13239186296288694,
        "recall_mean": 0.6,
        "recall_std": 0.2,
        "f1_mean": 0.6257732371973858,
        "f1_std": 0.14099522006982476,
        "mcc_mean": 0.48557123713534717,
        "mcc_std": 0.17284679115778198,
        "auc_mean": 0.8526041666666667,
        "auc_std": 0.05740046487665022,
        "n_folds": 15,
        "task_type": "classification"
      },
      "meets_targets": {
        "all": false
      }
    },
    "randomforest_baseline": {
      "accuracy": 0.7741935483870968,
      "balanced_accuracy": 0.7227272727272727,
      "precision": 0.75,
      "recall": 0.5454545454545454,
      "f1": 0.631578947368421,
      "mcc": 0.4870861981486208,
      "n_samples": 31,
      "auc": 0.8545454545454545,
      "true_negatives": 18,
      "false_positives": 2,
      "false_negatives": 5,
      "true_positives": 6,
      "specificity": 0.9,
      "sensitivity": 0.5454545454545454,
      "cv": {
        "accuracy_mean": 0.8194444444444444,
        "accuracy_std": 0.054148857471160904,
        "balanced_accuracy_mean": 0.7645833333333333,
        "balanced_accuracy_std": 0.07976745716281936,
        "precision_mean": 0.8409788359788358,
        "precision_std": 0.1397912085311064,
        "recall_mean": 0.6,
        "recall_std": 0.18371173070873834,
        "f1_mean": 0.6739715948539479,
        "f1_std": 0.13767539032689313,
        "mcc_mean": 0.5893422052786074,
        "mcc_std": 0.13753019723243892,
        "auc_mean": 0.89375,
        "auc_std": 0.047525863298752045,
        "n_folds": 15,
        "task_type": "classification"
      },
      "meets_targets": {
        "all": false
      }
    },
    "randomforest_optimized": {
      "accuracy": 0.7419354838709677,
      "balanced_accuracy": 0.6772727272727272,
      "precision": 0.7142857142857143,
      "recall": 0.45454545454545453,
      "f1": 0.5555555555555556,
      "mcc": 0.4057220595560335,
      "n_samples": 31,
      "auc": 0.7909090909090909,
      "true_negatives": 18,
      "false_positives": 2,
      "false_negatives": 6,
      "true_positives": 5,
      "specificity": 0.9,
      "sensitivity": 0.45454545454545453,
      "cv": {
        "accuracy_mean": 0.7611111111111111,
        "accuracy_std": 0.0767793053393625,
        "balanced_accuracy_mean": 0.7229166666666667,
        "balanced_accuracy_std": 0.10004339336285807,
        "precision_mean": 0.6639682539682539,
        "precision_std": 0.13193521359738336,
        "recall_mean": 0.6083333333333333,
        "recall_std": 0.2229848026709942,
        "f1_mean": 0.6099498552130131,
        "f1_std": 0.16789588817497944,
        "mcc_mean": 0.4617290612405011,
        "mcc_std": 0.1884521491633235,
        "auc_mean": 0.8411458333333334,
        "auc_std": 0.06035826919090889,
        "n_folds": 15,
        "task_type": "classification"
      },
      "meets_targets": {
        "all": false
      }
    },
    "svc_baseline": {
      "accuracy": 0.8064516129032258,
      "balanced_accuracy": 0.7477272727272727,
      "precision": 0.8571428571428571,
      "recall": 0.5454545454545454,
      "f1": 0.6666666666666666,
      "mcc": 0.5669705704052264,
      "n_samples": 31,
      "auc": 0.8681818181818182,
      "true_negatives": 19,
      "false_positives": 1,
      "false_negatives": 5,
      "true_positives": 6,
      "specificity": 0.95,
      "sensitivity": 0.5454545454545454,
      "cv": {
        "accuracy_mean": 0.8138888888888889,
        "accuracy_std": 0.06060395619242063,
        "balanced_accuracy_mean": 0.7583333333333333,
        "balanced_accuracy_std": 0.08799463367476199,
        "precision_mean": 0.8202380952380952,
        "precision_std": 0.13235539892688356,
        "recall_mean": 0.5916666666666667,
        "recall_std": 0.19075871903765995,
        "f1_mean": 0.6626893041598924,
        "f1_std": 0.14878951911186733,
        "mcc_mean": 0.5714343835179856,
        "mcc_std": 0.15171473803621613,
        "auc_mean": 0.8791666666666667,
        "auc_std": 0.06416193164347705,
        "n_folds": 15,
        "task_type": "classification"
      },
      "meets_targets": {
        "all": false
      }
    },
    "xgboost_baseline": {
      "accuracy": 0.8064516129032258,
      "balanced_accuracy": 0.7477272727272727,
      "precision": 0.8571428571428571,
      "recall": 0.5454545454545454,
      "f1": 0.6666666666666666,
      "mcc": 0.5669705704052264,
      "n_samples": 31,
      "auc": 0.8363636363636364,
      "true_negatives": 19,
      "false_positives": 1,
      "false_negatives": 5,
      "true_positives": 6,
      "specificity": 0.95,
      "sensitivity": 0.5454545454545454,
      "cv": {
        "accuracy_mean": 0.8027777777777778,
        "accuracy_std": 0.04157397096415491,
        "balanced_accuracy_mean": 0.75625,
        "balanced_accuracy_std": 0.053764532919016415,
        "precision_mean": 0.7763492063492062,
        "precision_std": 0.12871022621144637,
        "recall_mean": 0.6166666666666667,
        "recall_std": 0.13281147875424357,
        "f1_mean": 0.6705307764131292,
        "f1_std": 0.0771334578803404,
        "mcc_mean": 0.5532747728375246,
        "mcc_std": 0.09994951470605645,
        "auc_mean": 0.8635416666666667,
        "auc_std": 0.05235864734109246,
        "n_folds": 15,
        "task_type": "classification"
      },
      "meets_targets": {
        "all": false
      }
    }
  },
  "applicability_domain": {
    "method": "leverage",
    "leverages": [
      2.3726191193396593,
      0.9121156225971582,
      0.46689100197015576,
      1.0074058780586321,
      1.49253734790568,
      1.9728864647518216,
      27.099558159522065,
      0.435424776032607,
      0.42264383205844114,
      1.259849566164031,
      1.7788972233067986,
      0.46827521400126676,
      0.6340188524629813,
      0.5785593664639206,
      0.6757945193717287,
      1.0744685262000708,
      4.333729001440257,
      0.7630674440946126,
      215.1726720955382,
      2.028940186408604,
      0.41343381178689415,
      0.6379572406542862,
      0.7959981144503319,
      1.5173625562731368,
      1.0012337660969033,
      0.4584327150809697,
      0.7265581628144357,
      0.6403280567977688,
      0.7505904141337176,
      1.1431267296225864,
      0.899913839733356
    ],
    "threshold": 14.314285714285715,
    "within_ad": [
      true,
      true,
      true,
      true,
      true,
      true,
      false,
      true,
      true,
      true,
      true,
      true,
      true,
      true,
      true,
      true,
      true,
      true,
      false,
      true,
      true,
      true,
      true,
      true,
      true,
      true,
      true,
      true,
      true,
      true,
      true
    ],
    "coverage": 0.9354838709677419,