{
  "endpoint": "reproductive_tox",
  "task_type": "classification",
  "timestamp": "2026-03-02T02:15:09.534991",
  "config": {
    "cv_folds": 5,
    "cv_repeats": 3,
    "ad_method": "leverage"
  },
  "targets": {
    "accuracy": 0.75,
    "sensitivity": 0.8,
    "specificity": 0.75
  },
  "models": {
    "lightgbm_baseline": {
      "accuracy": 0.7692307692307693,
      "balanced_accuracy": 0.7738095238095238,
      "precision": 0.7142857142857143,
      "recall": 0.8333333333333334,
      "f1": 0.7692307692307693,
      "mcc": 0.5476190476190477,
      "n_samples": 26,
      "auc": 0.7857142857142857,
      "true_negatives": 10,
      "false_positives": 4,
      "false_negatives": 2,
      "true_positives": 10,
      "specificity": 0.7142857142857143,
      "sensitivity": 0.8333333333333334,
      "cv": {
        "accuracy_mean": 0.6404761904761905,
        "accuracy_std": 0.06247599690252629,
        "balanced_accuracy_mean": 0.6056623931623931,
        "balanced_accuracy_std": 0.08321092807234584,
        "precision_mean": 0.686793010910658,
        "precision_std": 0.06273940332347998,
        "recall_mean": 0.7696581196581197,
        "recall_std": 0.08762663941312708,
        "f1_mean": 0.7206659841352495,
        "f1_std": 0.04502168131219785,
        "mcc_mean": 0.20871531762504508,
        "mcc_std": 0.1833385122313416,
        "auc_mean": 0.6269230769230769,
        "auc_std": 0.12248238534370073,
        "n_folds": 15,
        "task_type": "classification"
      },
      "meets_targets": {
        "accuracy": true,
        "sensitivity": true,
        "specificity": false,
        "all": false
      }
    },
    "lightgbm_optimized": {
      "accuracy": 0.46153846153846156,
      "balanced_accuracy": 0.5,
      "precision": 0.46153846153846156,
      "recall": 1.0,
      "f1": 0.631578947368421,
      "mcc": 0.0,
      "n_samples": 26,
      "auc": 0.5,
      "true_negatives": 0,
      "false_positives": 14,
      "false_negatives": 0,
      "true_positives": 12,
      "specificity": 0.0,
      "sensitivity": 1.0,
      "cv": {
        "accuracy_mean": 0.6038095238095237,
        "accuracy_std": 0.007619047619047636,
        "balanced_accuracy_mean": 0.5,
        "balanced_accuracy_std": 0.0,
        "precision_mean": 0.6038095238095237,
        "precision_std": 0.007619047619047636,
        "recall_mean": 1.0,
        "recall_std": 0.0,
        "f1_mean": 0.7529411764705881,
        "f1_std": 0.00588235294117645,
        "mcc_mean": 0.0,
        "mcc_std": 0.0,
        "auc_mean": 0.5,
        "auc_std": 0.0,
        "n_folds": 15,
        "task_type": "classification"
      },
      "meets_targets": {
        "accuracy": false,
        "sensitivity": true,
        "specificity": false,
        "all": false
      }
    },
    "randomforest_baseline": {
      "accuracy": 0.6153846153846154,
      "balanced_accuracy": 0.6309523809523809,
      "precision": 0.5555555555555556,
      "recall": 0.8333333333333334,
      "f1": 0.6666666666666666,
      "mcc": 0.2828894749305018,
      "n_samples": 26,
      "auc": 0.8452380952380952,
      "true_negatives": 6,
      "false_positives": 8,
      "false_negatives": 2,
      "true_positives": 10,
      "specificity": 0.42857142857142855,
      "sensitivity": 0.8333333333333334,
      "cv": {
        "accuracy_mean": 0.729047619047619,
        "accuracy_std": 0.09936000798458554,
        "balanced_accuracy_mean": 0.6978632478632477,
        "balanced_accuracy_std": 0.10627447744158758,
        "precision_mean": 0.743970588235294,
        "precision_std": 0.0768698607518115,
        "recall_mean": 0.8457264957264958,
        "recall_std": 0.09091020327519268,
        "f1_mean": 0.7901361439752245,
        "f1_std": 0.07645130160694287,
        "mcc_mean": 0.42008600972838445,
        "mcc_std": 0.22382718531799822,
        "auc_mean": 0.7299679487179488,
        "auc_std": 0.10999514052482122,
        "n_folds": 15,
        "task_type": "classification"
      },
      "meets_targets": {
        "accuracy": false,
        "sensitivity": true,
        "specificity": false,
        "all": false
      }
    },
    "svc_baseline": {
      "accuracy": 0.7692307692307693,
      "balanced_accuracy": 0.7797619047619048,
      "precision": 0.6875,
      "recall": 0.9166666666666666,
      "f1": 0.7857142857142857,
      "mcc": 0.5733412928572633,
      "n_samples": 26,
      "auc": 0.9285714285714285,
      "true_negatives": 9,
      "false_positives": 5,
      "false_negatives": 1,
      "true_positives": 11,
      "specificity": 0.6428571428571429,
      "sensitivity": 0.9166666666666666,
      "cv": {
        "accuracy_mean": 0.7457142857142857,
        "accuracy_std": 0.08441788578651538,
        "balanced_accuracy_mean": 0.7080128205128204,
        "balanced_accuracy_std": 0.08770814446891545,
        "precision_mean": 0.7434681821446528,
        "precision_std": 0.06270497636463424,
        "recall_mean": 0.891025641025641,
        "recall_std": 0.11351765959578797,
        "f1_mean": 0.8068074028993572,
        "f1_std": 0.0717902986092106,
        "mcc_mean": 0.46816016061471416,
        "mcc_std": 0.18348205882995441,
        "auc_mean": 0.8042200854700855,
        "auc_std": 0.10043132834456726,
        "n_folds": 15,
        "task_type": "classification"
      },
      "meets_targets": {
        "accuracy": true,
        "sensitivity": true,
        "specificity": false,
        "all": false
      }
    },
    "xgboost_baseline": {
      "accuracy": 0.7692307692307693,
      "balanced_accuracy": 0.7738095238095238,
      "precision": 0.7142857142857143,
      "recall": 0.8333333333333334,
      "f1": 0.7692307692307693,
      "mcc": 0.5476190476190477,
      "n_samples": 26,
      "auc": 0.8273809523809523,
      "true_negatives": 10,
      "false_positives": 4,
      "false_negatives": 2,
      "true_positives": 10,
      "specificity": 0.7142857142857143,
      "sensitivity": 0.8333333333333334,
      "cv": {
        "accuracy_mean": 0.6831746031746031,
        "accuracy_std": 0.06850342012563349,
        "balanced_accuracy_mean": 0.6455128205128204,
        "balanced_accuracy_std": 0.07596942690476505,
        "precision_mean": 0.7056223460635226,
        "precision_std": 0.052438695297795344,
        "recall_mean": 0.8243589743589744,
        "recall_std": 0.08985950999348928,
        "f1_mean": 0.7575130439952867,
        "f1_std": 0.05382751010602813,
        "mcc_mean": 0.31681421662579745,
        "mcc_std": 0.16811975424024825,
        "auc_mean": 0.6629273504273505,
        "auc_std": 0.11313151679532085,
        "n_folds": 15,
        "task_type": "classification"
      },
      "meets_targets": {
        "accuracy": true,
        "sensitivity": true,
        "specificity": false,
        "all": false
      }
    }
  },
  "applicability_domain": {
    "method": "leverage",
    "leverages": [
      0.4681058100152625,
      0.5392598067290643,
      0.7506679712226646,
      1.127916378715704,
      0.8953071488165167,
      0.8559056739119884,
      0.7058253106067848,
      0.7335500197777354,
      0.8797059541382548,
      0.8024995358894642,
      0.797336325233559,
      0.703349560176681,
      0.8236857058953234,
      0.7330024086365542,
      0.9184789058491006,
      0.6807858596643113,
      0.6839932650807021,
      1.0635555601304625,
      0.5837238114497981,
      0.9992757117017685,
      0.4250041580920015,
      0.4648556637529949,
      1.0830328144626695,
      0.7242625693830275,
      0.662998771732346,
      0.5989093662615227
    ],
    "threshold": 17.079545454545453,