{
  "endpoint": "skin_sens",
  "task_type": "classification",
  "timestamp": "2026-02-28T21:27:56.387230",
  "config": {
    "cv_folds": 5,
    "cv_repeats": 3,
    "ad_method": "leverage"
  },
  "targets": {
    "accuracy": 0.75,
    "sensitivity": 0.75
  },
  "models": {
    "lightgbm_baseline": {
      "accuracy": 0.6153846153846154,
      "balanced_accuracy": 0.5166666666666666,
      "precision": 0.25,
      "recall": 0.3333333333333333,
      "f1": 0.2857142857142857,
      "mcc": 0.03042903097250923,
      "n_samples": 13,
      "auc": 0.6,
      "true_negatives": 7,
      "false_positives": 3,
      "false_negatives": 2,
      "true_positives": 1,
      "specificity": 0.7,
      "sensitivity": 0.3333333333333333,
      "cv": {
        "accuracy_mean": 0.6945454545454546,
        "accuracy_std": 0.17973963416051084,
        "balanced_accuracy_mean": 0.6654761904761906,
        "balanced_accuracy_std": 0.17906281597107776,
        "precision_mean": 0.663888888888889,
        "precision_std": 0.31712929170027954,
        "recall_mean": 0.55,
        "recall_std": 0.28349668493717944,
        "f1_mean": 0.5557142857142858,
        "f1_std": 0.2568543354897167,
        "mcc_mean": 0.35899065951952713,
        "mcc_std": 0.3762990194400619,
        "auc_mean": 0.7650793650793651,
        "auc_std": 0.16505551567647783,
        "n_folds": 15,
        "task_type": "classification"
      },
      "meets_targets": {
        "accuracy": false,
        "sensitivity": false,
        "all": false
      }
    },
    "randomforest_baseline": {
      "accuracy": 0.8461538461538461,
      "balanced_accuracy": 0.7833333333333333,
      "precision": 0.6666666666666666,
      "recall": 0.6666666666666666,
      "f1": 0.6666666666666666,
      "mcc": 0.5666666666666667,
      "n_samples": 13,
      "auc": 0.8,
      "true_negatives": 9,
      "false_positives": 1,
      "false_negatives": 1,
      "true_positives": 2,
      "specificity": 0.9,
      "sensitivity": 0.6666666666666666,
      "cv": {
        "accuracy_mean": 0.7593939393939394,
        "accuracy_std": 0.11522485702645799,
        "balanced_accuracy_mean": 0.7214285714285714,
        "balanced_accuracy_std": 0.13041375519270132,
        "precision_mean": 0.7211111111111111,
        "precision_std": 0.2901127920288339,
        "recall_mean": 0.5888888888888888,
        "recall_std": 0.2660873336628455,
        "f1_mean": 0.6168783068783069,
        "f1_std": 0.23248387048350994,
        "mcc_mean": 0.4835288648231989,
        "mcc_std": 0.2760260651805455,
        "auc_mean": 0.8744047619047619,
        "auc_std": 0.09029979672170842,
        "n_folds": 15,
        "task_type": "classification"
      },
      "meets_targets": {
        "accuracy": true,
        "sensitivity": false,
        "all": false
      }
    },
    "randomforest_optimized": {
      "accuracy": 0.7692307692307693,
      "balanced_accuracy": 0.6166666666666667,
      "precision": 0.5,
      "recall": 0.3333333333333333,
      "f1": 0.4,
      "mcc": 0.27247463045653303,
      "n_samples": 13,
      "auc": 0.8333333333333333,
      "true_negatives": 9,
      "false_positives": 1,
      "false_negatives": 2,
      "true_positives": 1,
      "specificity": 0.9,
      "sensitivity": 0.3333333333333333,
      "cv": {
        "accuracy_mean": 0.7581818181818182,
        "accuracy_std": 0.12851343306961668,
        "balanced_accuracy_mean": 0.7261904761904762,
        "balanced_accuracy_std": 0.13325890779957827,
        "precision_mean": 0.7711111111111111,
        "precision_std": 0.23534581857553294,
        "recall_mean": 0.6,
        "recall_std": 0.22811627964053122,
        "f1_mean": 0.6427513227513227,
        "f1_std": 0.1862525250283095,
        "mcc_mean": 0.4983821787218332,
        "mcc_std": 0.27435854522847686,
        "auc_mean": 0.8511904761904763,
        "auc_std": 0.10939001489639034,
        "n_folds": 15,
        "task_type": "classification"
      },
      "meets_targets": {
        "accuracy": true,
        "sensitivity": false,
        "all": false
      }
    },
    "svc_baseline": {
      "accuracy": 0.8461538461538461,
      "balanced_accuracy": 0.7833333333333333,
      "precision": 0.6666666666666666,
      "recall": 0.6666666666666666,
      "f1": 0.6666666666666666,
      "mcc": 0.5666666666666667,
      "n_samples": 13,
      "auc": 0.8333333333333333,
      "true_negatives": 9,
      "false_positives": 1,
      "false_negatives": 1,
      "true_positives": 2,
      "specificity": 0.9,
      "sensitivity": 0.6666666666666666,
      "cv": {
        "accuracy_mean": 0.7666666666666668,
        "accuracy_std": 0.1007228238086896,
        "balanced_accuracy_mean": 0.7277777777777776,
        "balanced_accuracy_std": 0.11873901800408088,
        "precision_mean": 0.7022222222222222,
        "precision_std": 0.2692146786671866,
        "recall_mean": 0.5888888888888888,
        "recall_std": 0.2326710176819103,
        "f1_mean": 0.6250793650793652,
        "f1_std": 0.23018095130825902,
        "mcc_mean": 0.48208825607148714,
        "mcc_std": 0.2549828864658452,
        "auc_mean": 0.8785714285714287,
        "auc_std": 0.09058055801634134,
        "n_folds": 15,
        "task_type": "classification"
      },
      "meets_targets": {
        "accuracy": true,
        "sensitivity": false,
        "all": false
      }
    },
    "xgboost_baseline": {
      "accuracy": 0.7692307692307693,
      "balanced_accuracy": 0.6166666666666667,
      "precision": 0.5,
      "recall": 0.3333333333333333,
      "f1": 0.4,
      "mcc": 0.27247463045653303,
      "n_samples": 13,
      "auc": 0.7666666666666666,
      "true_negatives": 9,
      "false_positives": 1,
      "false_negatives": 2,
      "true_positives": 1,
      "specificity": 0.9,
      "sensitivity": 0.3333333333333333,
      "cv": {
        "accuracy_mean": 0.7321212121212121,
        "accuracy_std": 0.11440908990581221,
        "balanced_accuracy_mean": 0.6964285714285713,
        "balanced_accuracy_std": 0.1288063697058308,
        "precision_mean": 0.6888888888888889,
        "precision_std": 0.2763295581210197,
        "recall_mean": 0.5611111111111111,
        "recall_std": 0.2813108644704925,
        "f1_mean": 0.5752380952380952,
        "f1_std": 0.23277191935435274,
        "mcc_mean": 0.4323430449481126,
        "mcc_std": 0.25524665926954776,
        "auc_mean": 0.8638888888888888,
        "auc_std": 0.1016880081190152,
        "n_folds": 15,
        "task_type": "classification"
      },
      "meets_targets": {
        "accuracy": true,
        "sensitivity": false,
        "all": false
      }
    }
  },
  "applicability_domain": {
    "method": "leverage",
    "leverages": [
      92.94865551500315,
      3.406923012276149,
      139.63046464684896,
      91.40222990959597,
      389.0194528310885,
      32.1807214574757,
      505.74023011214535,
      0.9772727272730367,
      0.5411743007432213,
      589.3248417410729,
      300.9317409494224,
      457.07885492410605,
      12.867341408300362
    ],
    "threshold": 21.75,
    "within_ad": [
      false,
      true,
      false,
      false,
      false,
      false,
      false,
      true,
      true,
      false,
      false,
      false,
      true
    ],
    "coverage": 0.3076923076923077,
    "mean_leverage": 201.23460796425783,
    "max_leverage": 589.3248417410729,
    "outliers": [
      0,
      2,
      3,
      4,
      5,
      6,
      9,
      10,
      11
    ],
    "training_samples": 44,
    "test_samples": 13,
    "n_features": 318
  },
  "summary": {
    "best_model": "randomforest_baseline",
    "best_f1": 0.6666666666666666,
    "n_models_evaluated": 5,
    "ad_coverage": 0.3076923076923077,