representation,model,auc_roc,mcc,balanced_accuracy,pr_auc
2D,RandomForest,0.7482517482517482,0.4345240946267408,0.6888111888111889,0.7344414357572253
3D,RandomForest,0.8671328671328671,0.5853694070049635,0.7937062937062938,0.865287357512238
Hybrid,RandomForest,0.944055944055944,0.6276459144608478,0.7727272727272727,0.9329105238196147
2D,SVC,0.7062937062937062,0.3517661417422953,0.6433566433566433,0.7253326617561068
3D,SVC,0.846153846153846,0.6783216783216783,0.8391608391608392,0.7721092336065598
Hybrid,SVC,0.9230769230769231,0.5913123959890826,0.7797202797202798,0.9219502719502719
2D,XGBoost,0.6993006993006994,0.32387513781564786,0.6573426573426573,0.6692303396637762
3D,XGBoost,0.8811188811188811,0.4965034965034965,0.7482517482517483,0.8511904761904762
Hybrid,XGBoost,0.979020979020979,0.8420753583206844,0.9090909090909092,0.9777495232040687
