{
  "2D": {
    "RandomForest": [
      0.803921568627451,
      0.9666666666666666,
      0.8611111111111112
    ],
    "XGBoost": [
      0.776470588235294,
      0.8901960784313725,
      0.8253968253968255
    ],
    "SVC": [
      0.7215686274509804,
      0.9568627450980391,
      0.8214285714285715
    ]
  },
  "3D": {
    "RandomForest": [
      0.511764705882353,
      0.6137254901960785,
      0.5317460317460317
    ],
    "XGBoost": [
      0.5450980392156863,
      0.6823529411764706,
      0.5079365079365079
    ],
    "SVC": [
      0.6313725490196078,
      0.5686274509803921,
      0.5873015873015873
    ]
  },
  "Hybrid": {
    "RandomForest": [
      0.8392156862745098,
      0.9176470588235295,
      0.9007936507936508
    ],
    "XGBoost": [
      0.9215686274509803,
      0.9098039215686273,
      0.8531746031746031
    ],
    "SVC": [
      0.8431372549019608,
      0.907843137254902,
      0.9365079365079365
    ]
  }
}