representation,model,auc_roc,mcc,balanced_accuracy,pr_auc
2D,RandomForest,0.8927260738893091,0.5784001593596187,0.7418883277790271,0.7442753816792922
3D,RandomForest,0.758828535503261,0.29895618924329925,0.5782658808856903,0.5186305497866681
Hybrid,RandomForest,0.8898707601562021,0.5676290869258629,0.7340168878166465,0.7410343390747142
2D,SVC,0.8908840802682425,0.573073497564132,0.8103404653349962,0.7395031286412515
3D,SVC,0.6940846639815175,0.21819884044141352,0.62943279630349,0.3940673497648935
Hybrid,SVC,0.8911281460203226,0.5764033893924803,0.8124591094027929,0.7397198851413185
2D,XGBoost,0.8902119410766495,0.5928106209510392,0.7638555232974178,0.7578632488932658
3D,XGBoost,0.7454636993723294,0.3043851674215229,0.5943333299257836,0.49347202825998415
Hybrid,XGBoost,0.8912080104679928,0.5852256270002328,0.7546155261597596,0.7590047544779303
