{
  "2D": {
    "RandomForest": [
      0.8984856450100844,
      0.8767167835795289,
      0.8831639493404199,
      0.8795607986784455,
      0.89019069166128,
      0.8773844194939225,
      0.8723934018051664,
      0.8757172384623364,
      0.894911098342471,
      0.8990798598641737,
      0.8989313962808752,
      0.8721110951503108,
      0.8811608689059668,
      0.889856512405532,
      0.8785592584612193
    ],
    "XGBoost": [
      0.9039396017022501,
      0.8761342143695084,
      0.8879791232732409,
      0.8759666259666261,
      0.8894944017493038,
      0.8797690888484225,
      0.8857715450852706,
      0.8725280710574828,
      0.8905218782669764,
      0.8972024707318824,
      0.8994011341671347,
      0.8630234144940025,
      0.8797872425323406,
      0.8856318880828684,
      0.8842303303087617
    ],
    "SVC": [
      0.9027072893325523,
      0.8864778104974184,
      0.8847370857174779,
      0.8748613405476151,
      0.8853036941272237,
      0.8791844150963762,
      0.882007788870534,
      0.8757391845627138,
      0.8938227712737516,
      0.8944342694342694,
      0.9020936317534815,
      0.8704022919709195,
      0.8863521191952565,
      0.8832816602424445,
      0.8847370857174779
    ]
  },
  "3D": {
    "RandomForest": [
      0.7433402161593832,
      0.7165112483739934,
      0.723472152393721,
      0.7161641009680225,
      0.724685173214585,
      0.7190017969972756,
      0.7181881299528358,
      0.7183617036558214,
      0.7486084177260648,
      0.7369829698261071,
      0.7386108551428302,
      0.7087213802900078,
      0.7160015003152257,
      0.7328710686553823,
      0.7273805533609455
    ],
    "XGBoost": [
      0.7341343530310087,
      0.724053724053724,
      0.7297038473509061,
      0.7101059797138228,
      0.710802269625799,
      0.7134898726510606,
      0.7163466526211625,
      0.7098486118093961,
      0.7384882728019984,
      0.7246522540640188,
      0.7283515798184613,
      0.719143782869273,
      0.7121748984494083,
      0.7282194929253752,
      0.7324590804982962
    ],
    "SVC": [
      0.7007629742603626,
      0.6937810736830345,
      0.7048568715235382,
      0.6571540297030493,
      0.6692044339103163,
      0.6976866908265187,
      0.6757423767227688,
      0.6861348528015194,
      0.6862385980033039,
      0.6836878626094313,
      0.6991118955622763,
      0.6991439025752751,
      0.6763867940338528,
      0.6817795494266083,
      0.6819192064290104
    ]
  },
  "Hybrid": {
    "RandomForest": [
      0.8990853103967986,
      0.878873486716624,
      0.8794261294261294,
      0.8789622686681509,
      0.890961797824543,
      0.8744240713681766,
      0.8739655406322073,
      0.8738807488807491,
      0.8964054282681732,
      0.8981571260983027,
      0.8964607748876128,
      0.8696970241087889,
      0.8813494058592096,
      0.8890764282921146,
      0.881344418109124
    ],
    "XGBoost": [
      0.898720513953214,
      0.8692650849513595,
      0.886039886039886,
      0.8717729256944942,
      0.8864229452464747,
      0.8782559331892803,
      0.8801074560878483,
      0.8721120927003281,
      0.8906146504185719,
      0.8964642837191856,
      0.8975311776028976,
      0.8654803801862626,
      0.8782131086052655,
      0.8846652621162424,
      0.8833065989928736
    ],
    "SVC": [
      0.9022225598116251,
      0.8866703376507299,
      0.884168482207698,
      0.8749800489996568,
      0.8845026614634458,
      0.8791134546922819,
      0.8821813625735194,
      0.8755715961598315,
      0.8937589280726534,
      0.8940532053277152,
      0.9014409959242743,
      0.8697439089595952,
      0.8861057243410185,
      0.8833085940929079,
      0.8850403409226939
    ]
  }
}