representation,model,r2,rmse,mae,ccc
2D,RandomForest,0.5946735873772098,0.5564475986453381,0.4055383636427638,0.7284946335892892
3D,RandomForest,0.24665644713908952,0.758609641484059,0.5635759241538427,0.4009916449871495
Hybrid,RandomForest,0.5908348769062278,0.5590763535604593,0.4080992380603378,0.7235781473653908
2D,SVR,0.6611161184872905,0.5088002036443462,0.367204162025267,0.8073904010704637
3D,SVR,0.11526343620697199,0.8221078743572635,0.5839317005978726,0.26861192794059247
Hybrid,SVR,0.6629215233492707,0.5074430764251524,0.36608155067016684,0.808022866299442
2D,XGBoost,0.6431639858495559,0.522102965418402,0.3790382703145345,0.7800767745397517
3D,XGBoost,0.23720150305664034,0.7633553160338501,0.5678331249756432,0.4027686954728466
Hybrid,XGBoost,0.6360477085184627,0.5272833393928804,0.38403283643050934,0.7748542135348753
