{
  "2D": {
    "RandomForest": [
      0.5644338186587353,
      0.5945041069186232,
      0.5567443767864434,
      0.5516006537536924,
      0.5626793281582476,
      0.5529491912677639,
      0.5902065191652397,
      0.5485122152366808,
      0.5524353006881306,
      0.5590161445597277,
      0.5625648510557155,
      0.5806956322389529,
      0.5972106008122549,
      0.5729498232694323,
      0.5655504169077491
    ],
    "XGBoost": [
      0.6004634654463004,
      0.6492184806016074,
      0.6154743099395186,
      0.6179132435240053,
      0.6073428928703684,
      0.6159128915866898,
      0.6281284652003013,
      0.614209021071827,
      0.6136645558437729,
      0.6245021128446255,
      0.640324189331416,
      0.6362106083410277,
      0.6288757263444464,
      0.6177750291724403,
      0.598360814404368
    ],
    "SVR": [
      0.6408040772502548,
      0.6714963634934596,
      0.6186482641604132,
      0.634584672139533,
      0.6317461335888466,
      0.6398110360458478,
      0.6231106966421773,
      0.6334993917558882,
      0.6590565783399951,
      0.638516749845501,
      0.6554538446983433,
      0.6375364152221944,
      0.657721997339983,
      0.6361049289000502,
      0.6246545255236948
    ]
  },
  "3D": {
    "RandomForest": [
      0.2319082575207413,
      0.25508353991785204,
      0.23260292687549167,
      0.2842774094814743,
      0.24129961629795804,
      0.22358767896437515,
      0.22702317762500634,
      0.24420267232579163,
      0.2580811243991703,
      0.2620594769258672,
      0.23700904498603326,
      0.24254236882504154,
      0.2750989547625209,
      0.23549382291778342,
      0.22706904020965868
    ],
    "XGBoost": [
      0.2147137669747895,
      0.2081992563436531,
      0.2161033966501028,
      0.2697055483732216,
      0.22331609432906996,
      0.20580616938158536,
      0.20351597844757685,
      0.22753608122863178,
      0.22977280673396205,
      0.23288694146934052,
      0.2212638356291584,
      0.24486108682480834,
      0.24280902080691413,
      0.23297721547898487,
      0.18866411953164974
    ],
    "SVR": [
      0.11164871657364872,
      0.09525225852486796,
      0.11343080913196524,
      0.13831834093985274,
      0.10107442214533646,
      0.11834465853140685,
      0.13183468627045425,
      0.130808103419779,
      0.11299354085317492,
      0.11165761374171734,
      0.12927254997076998,
      0.10491741685315936,
      0.10265045572674258,
      0.1372404548073508,
      0.10116309333096829
    ]
  },
  "Hybrid": {
    "RandomForest": [
      0.5599705053408992,
      0.5957561912746461,
      0.5561313797805817,
      0.5543040696749536,
      0.5591276672293988,
      0.5459307523173971,
      0.5890343726069602,
      0.548302966883951,
      0.5548636602697274,
      0.5632076236562029,
      0.5644033491538936,
      0.5833155139427089,
      0.5949934612066028,
      0.5701482873979655,
      0.559630899913943
    ],
    "XGBoost": [
      0.602988533978847,
      0.6509372818707908,
      0.6180310951099389,
      0.6188331928574182,
      0.6044337049018205,
      0.6047340111429456,
      0.6217254047401788,
      0.6116664422426596,
      0.6161262908870082,
      0.6168899943600881,
      0.6394672469473055,
      0.6277190479424912,
      0.6348296658382239,
      0.6200295732383618,
      0.6001930506605981
    ],
    "SVR": [
      0.6416340030051003,
      0.6723071560002882,
      0.6199023172124967,
      0.6358524275299342,
      0.6308877367079708,
      0.6396372155492993,
      0.6241431549201577,
      0.6351440561548591,
      0.6584285065330491,
      0.6403538250430918,
      0.6550289784381396,
      0.6394179357334597,
      0.6576612249233118,
      0.6360364534482283,
      0.625160915263898
    ]
  }
}