{
  "2D": {
    "RandomForest": [
      0.803921568627451,
      0.9666666666666666,
      0.8611111111111112,
      0.7666666666666666,
      0.7411764705882353,
      0.8690476190476191
    ],
    "XGBoost": [
      0.776470588235294,
      0.8901960784313725,
      0.8253968253968255,
      0.6745098039215687,
      0.7568627450980392,
      0.8095238095238095
    ],
    "SVC": [
      0.7215686274509804,
      0.9568627450980391,
      0.8214285714285715,
      0.8431372549019608,
      0.7450980392156863,
      0.9206349206349206
    ]
  },
  "3D": {
    "RandomForest": [
      0.511764705882353,
      0.6137254901960785,
      0.5317460317460317,
      0.6745098039215687,
      0.6411764705882352,
      0.6488095238095238
    ],
    "XGBoost": [
      0.5450980392156863,
      0.6823529411764706,
      0.5079365079365079,
      0.6627450980392157,
      0.6705882352941177,
      0.6746031746031745
    ],
    "SVC": [
      0.6313725490196078,
      0.5686274509803921,
      0.5873015873015873,
      0.5725490196078431,
      0.32941176470588235,
      0.6031746031746031
    ]
  },
  "Hybrid": {
    "RandomForest": [
      0.8392156862745098,
      0.9176470588235295,
      0.9007936507936508,
      0.8588235294117648,
      0.8529411764705883,
      0.996031746031746
    ],
    "XGBoost": [
      0.9215686274509803,
      0.9098039215686273,
      0.8531746031746031,
      0.8627450980392156,
      0.8313725490196078,
      0.9841269841269841
    ],
    "SVC": [
      0.8431372549019608,
      0.907843137254902,
      0.9365079365079365,
      0.9176470588235294,
      0.8705882352941177,
      0.9642857142857143
    ]
  }
}