representation,model,r2,rmse,mae
GNN,D-MPNN,0.5326788797911995,0.5965229298637743,0.4332685140178153
